[
    {
        "Name": "CRM Templates",
        "Groups": [
            {
                "Name": "Contact List",
                "Demos": [
                    {
                        "Title": "Contact List",
                        "Name": "crm-contact-list",
                        "DemoType": "Rwa",
                        "AvailableApproaches": [
                            "Angular",
                            "React",
                            "Vue"
                        ]
                    }
                ]
            },
            {
                "Name": "Contact Form",
                "Demos": [
                    {
                        "Title": "Contact Form",
                        "Name": "crm-contact-details",
                        "DemoType": "Rwa",
                        "AvailableApproaches": [
                            "Angular",
                            "React",
                            "Vue"
                        ]
                    }
                ]
            }
        ]
    },
    {
        "Name": "Planning Templates",
        "Groups": [
            {
                "Name": "Task List",
                "Demos": [
                    {
                        "Title": "Task List",
                        "Name": "planning-task-list",
                        "DemoType": "Rwa",
                        "AvailableApproaches": [
                            "Angular",
                            "React",
                            "Vue"
                        ]
                    }
                ]
            },
            {
                "Name": "Task Details",
                "Demos": [
                    {
                        "Title": "Task Details",
                        "Name": "planning-task-details",
                        "DemoType": "Rwa",
                        "AvailableApproaches": [
                            "Angular",
                            "React",
                            "Vue"
                        ]
                    }
                ]
            },
            {
                "Name": "Scheduler",
                "Demos": [
                    {
                        "Title": "Scheduler",
                        "Name": "planning-scheduler",
                        "DemoType": "Rwa",
                        "AvailableApproaches": [
                            "Angular",
                            "React",
                            "Vue"
                        ]
                    }
                ]
            }
        ]
    },
    {
        "Name": "Analytics Templates",
        "Groups": [
            {
                "Name": "Overview Dashboard",
                "Demos": [
                    {
                        "Title": "Overview Dashboard",
                        "Name": "analytics-dashboard",
                        "DemoType": "Rwa",
                        "AvailableApproaches": [
                            "Angular",
                            "React",
                            "Vue"
                        ]
                    }
                ]
            },
            {
                "Name": "Sales Dashboard",
                "Demos": [
                    {
                        "Title": "Sales Dashboard",
                        "Name": "analytics-sales-analysis",
                        "DemoType": "Rwa",
                        "AvailableApproaches": [
                            "Angular",
                            "React",
                            "Vue"
                        ]
                    }
                ]
            },
            {
                "Name": "Geography Dashboard",
                "Demos": [
                    {
                        "Title": "Geography Dashboard",
                        "Name": "analytics-geography",
                        "DemoType": "Rwa",
                        "AvailableApproaches": [
                            "Angular",
                            "React",
                            "Vue"
                        ]
                    }
                ]
            }
        ]
    },
    {
        "Name": "Authentication Templates",
        "Groups": [
            {
                "Name": "Sign In Form",
                "Demos": [
                    {
                        "Title": "Sign In Form",
                        "Name": "sign-in-form",
                        "DemoType": "Rwa",
                        "AvailableApproaches": [
                            "Angular",
                            "React",
                            "Vue"
                        ]
                    }
                ]
            },
            {
                "Name": "Register Form",
                "Demos": [
                    {
                        "Title": "Register Form",
                        "Name": "register-form",
                        "DemoType": "Rwa",
                        "AvailableApproaches": [
                            "Angular",
                            "React",
                            "Vue"
                        ]
                    }
                ]
            },
            {
                "Name": "Reset Password Form",
                "Demos": [
                    {
                        "Title": "Reset Password Form",
                        "Name": "reset-password-form",
                        "DemoType": "Rwa",
                        "AvailableApproaches": [
                            "Angular",
                            "React",
                            "Vue"
                        ]
                    }
                ]
            }
        ]
    },
    {
        "Name": "Common Templates",
        "Groups": [
            {
                "Name": "User Profile",
                "Demos": [
                    {
                        "Title": "User Profile",
                        "Name": "user-profile",
                        "DemoType": "Rwa",
                        "AvailableApproaches": [
                            "Angular",
                            "React",
                            "Vue"
                        ]
                    }
                ]
            }
        ]
    }
]
